Workbook

Sheet Tasks
A1: Tester | B1: Task | C1: Completed (Y/N, n.a.) | D1: Seconds | E1: Errors (wrong taps) | F1: Difficulty (1 very easy - 10 very hard) | G1: Comment
A2: Tester 1 | B2: U1
A3: Tester 1 | B3: U2
A4: Tester 1 | B4: U3
A5: Tester 1 | B5: U4
A6: Tester 1 | B6: U5
A7: Tester 2 | B7: U1
A8: Tester 2 | B8: U2
A9: Tester 2 | B9: U3
A10: Tester 2 | B10: U4
A11: Tester 2 | B11: U5
A12: Tester 3 | B12: U1
A13: Tester 3 | B13: U2
... A26: Tester 5 | B26: U5

Sheet SUS
A1: Tester | B1: Q1 | C1: Q2 | D1: Q3 | E1: Q4 | F1: Q5 | G1: Q6 | H1: Q7 | I1: Q8 | J1: Q9 | K1: Q10 | L1: SUS score (0-100) | M1: Answers 1 (strongly disagree) to 5 (strongly agree). Score = ((each odd Q - 1) + (5 - each even Q)) x 2.5 (Brooke, 1996).
A2: Tester 1 | L2: =IF(COUNT(B2:K2)<10,"",((B2-1)+(D2-1)+(F2-1)+(H2-1)+(J2-1)+(5-C2)+(5-E2)+(5-G2)+(5-I2)+(5-K2))*2.5)
A3: Tester 2 | L3: =IF(COUNT(B3:K3)<10,"",((B3-1)+(D3-1)+(F3-1)+(H3-1)+(J3-1)+(5-C3)+(5-E3)+(5-G3)+(5-I3)+(5-K3))*2.5)
A4: Tester 3 | L4: =IF(COUNT(B4:K4)<10,"",((B4-1)+(D4-1)+(F4-1)+(H4-1)+(J4-1)+(5-C4)+(5-E4)+(5-G4)+(5-I4)+(5-K4))*2.5)
A5: Tester 4 | L5: =IF(COUNT(B5:K5)<10,"",((B5-1)+(D5-1)+(F5-1)+(H5-1)+(J5-1)+(5-C5)+(5-E5)+(5-G5)+(5-I5)+(5-K5))*2.5)
A6: Tester 5 | L6: =IF(COUNT(B6:K6)<10,"",((B6-1)+(D6-1)+(F6-1)+(H6-1)+(J6-1)+(5-C6)+(5-E6)+(5-G6)+(5-I6)+(5-K6))*2.5)
A8: Mean | L8: =IFERROR(AVERAGE(L2:L6),"")
A9: Lowest | L9: =IFERROR(MIN(L2:L6),"")
A10: Highest | L10: =IFERROR(MAX(L2:L6),"")
A11: Testers at or above 68 | L11: =COUNTIF(L2:L6,">=68")

Sheet For write-up
A1: Task | B1: Screen | C1: Criterion | D1: Testers | E1: Completion | F1: Mean time (s, completed) | G1: Mean errors | H1: Mean difficulty (1-10) | I1: Verdict
A2: U1 register and log in | B2: Register, login | C2: SC6, SC7 | D2: =COUNTIFS(Tasks!$B$2:$B$26,"U1",Tasks!$C$2:$C$26,"Y")+COUNTIFS(Tasks!$B$2:$B$26,"U1",Tasks!$C$2:$C$26,"N") | E2: =IF(D2=0,"",COUNTIFS(Tasks!$B$2:$B$26,"U1",Tasks!$C$2:$C$26,"Y")/D2) | F2: =IFERROR(ROUND(AVERAGEIFS(Tasks!$D$2:$D$26,Tasks!$B$2:$B$26,"U1",Tasks!$C$2:$C$26,"Y"),0),"") | G2: =IFERROR(ROUND(AVERAGEIFS(Tasks!$E$2:$E$26,Tasks!$B$2:$B$26,"U1",Tasks!$C$2:$C$26,"<>n.a."),1),"") | H2: =IFERROR(ROUND(AVERAGEIFS(Tasks!$F$2:$F$26,Tasks!$B$2:$B$26,"U1",Tasks!$C$2:$C$26,"<>n.a."),1),"") | I2: =IF(D2=0,"Not tested",IF(AND(E2>=0.8,H2<=4,TRUE),"Met",IF(E2>=0.5,"Partly met","Not met")))
A3: U2 questionnaire | B3: Questionnaire (10 screens) | C3: SC8 | D3: =COUNTIFS(Tasks!$B$2:$B$26,"U2",Tasks!$C$2:$C$26,"Y")+COUNTIFS(Tasks!$B$2:$B$26,"U2",Tasks!$C$2:$C$26,"N") | E3: =IF(D3=0,"",COUNTIFS(Tasks!$B$2:$B$26,"U2",Tasks!$C$2:$C$26,"Y")/D3) | F3: =IFERROR(ROUND(AVERAGEIFS(Tasks!$D$2:$D$26,Tasks!$B$2:$B$26,"U2",Tasks!$C$2:$C$26,"Y"),0),"") | G3: =IFERROR(ROUND(AVERAGEIFS(Tasks!$E$2:$E$26,Tasks!$B$2:$B$26,"U2",Tasks!$C$2:$C$26,"<>n.a."),1),"") | H3: =IFERROR(ROUND(AVERAGEIFS(Tasks!$F$2:$F$26,Tasks!$B$2:$B$26,"U2",Tasks!$C$2:$C$26,"<>n.a."),1),"") | I3: =IF(D3=0,"Not tested",IF(AND(E3>=0.8,H3<=4,AND(F3<>"",F3<=180)),"Met",IF(E3>=0.5,"Partly met","Not met")))
A4: U3 explain the top match | B4: Matches | C4: SC11 | D4: =COUNTIFS(Tasks!$B$2:$B$26,"U3",Tasks!$C$2:$C$26,"Y")+COUNTIFS(Tasks!$B$2:$B$26,"U3",Tasks!$C$2:$C$26,"N") | E4: =IF(D4=0,"",COUNTIFS(Tasks!$B$2:$B$26,"U3",Tasks!$C$2:$C$26,"Y")/D4) | F4: =IFERROR(ROUND(AVERAGEIFS(Tasks!$D$2:$D$26,Tasks!$B$2:$B$26,"U3",Tasks!$C$2:$C$26,"Y"),0),"") | G4: =IFERROR(ROUND(AVERAGEIFS(Tasks!$E$2:$E$26,Tasks!$B$2:$B$26,"U3",Tasks!$C$2:$C$26,"<>n.a."),1),"") | H4: =IFERROR(ROUND(AVERAGEIFS(Tasks!$F$2:$F$26,Tasks!$B$2:$B$26,"U3",Tasks!$C$2:$C$26,"<>n.a."),1),"") | I4: =IF(D4=0,"Not tested",IF(AND(E4>=0.8,H4<=4,TRUE),"Met",IF(E4>=0.5,"Partly met","Not met")))
A5: U4 staff add, edit, delete | B5: Staff manage, add animal | C5: SC12 | D5: =COUNTIFS(Tasks!$B$2:$B$26,"U4",Tasks!$C$2:$C$26,"Y")+COUNTIFS(Tasks!$B$2:$B$26,"U4",Tasks!$C$2:$C$26,"N") | E5: =IF(D5=0,"",COUNTIFS(Tasks!$B$2:$B$26,"U4",Tasks!$C$2:$C$26,"Y")/D5) | F5: =IFERROR(ROUND(AVERAGEIFS(Tasks!$D$2:$D$26,Tasks!$B$2:$B$26,"U4",Tasks!$C$2:$C$26,"Y"),0),"") | G5: =IFERROR(ROUND(AVERAGEIFS(Tasks!$E$2:$E$26,Tasks!$B$2:$B$26,"U4",Tasks!$C$2:$C$26,"<>n.a."),1),"") | H5: =IFERROR(ROUND(AVERAGEIFS(Tasks!$F$2:$F$26,Tasks!$B$2:$B$26,"U4",Tasks!$C$2:$C$26,"<>n.a."),1),"") | I5: =IF(D5=0,"Not tested",IF(AND(E5>=0.8,H5<=4,TRUE),"Met",IF(E5>=0.5,"Partly met","Not met")))
A6: U5 browse and return | B6: Browse, profile | C6: SC4, SC5 | D6: =COUNTIFS(Tasks!$B$2:$B$26,"U5",Tasks!$C$2:$C$26,"Y")+COUNTIFS(Tasks!$B$2:$B$26,"U5",Tasks!$C$2:$C$26,"N") | E6: =IF(D6=0,"",COUNTIFS(Tasks!$B$2:$B$26,"U5",Tasks!$C$2:$C$26,"Y")/D6) | F6: =IFERROR(ROUND(AVERAGEIFS(Tasks!$D$2:$D$26,Tasks!$B$2:$B$26,"U5",Tasks!$C$2:$C$26,"Y"),0),"") | G6: =IFERROR(ROUND(AVERAGEIFS(Tasks!$E$2:$E$26,Tasks!$B$2:$B$26,"U5",Tasks!$C$2:$C$26,"<>n.a."),1),"") | H6: =IFERROR(ROUND(AVERAGEIFS(Tasks!$F$2:$F$26,Tasks!$B$2:$B$26,"U5",Tasks!$C$2:$C$26,"<>n.a."),1),"") | I6: =IF(D6=0,"Not tested",IF(AND(E6>=0.8,H6<=4,TRUE),"Met",IF(E6>=0.5,"Partly met","Not met")))
A7: SUS (all testers) | C7: SC15 | D7: =COUNT(SUS!L2:L6) | E7: =SUS!L8 | I7: =IF(D7=0,"Not tested",IF(E7>=68,"Met","Not met"))
A9: Verdict rule: Met = at least 80% completed it and the mean difficulty is 4 or less (U2 also needs a mean time of 3 minutes or less, SC8); Partly met = at least 50% completed it; otherwise Not met. SC15 is met when the mean SUS score is at least 68 (the average website).
A10: For SUS, column E shows the mean score, not a percentage.
